regularidad_absoluta,regularidad_relativa,cumplimiento_programa,observaciones,periodo,pax_pagos,pax_km,trenes_km,coches_km,recaudacion_pesos,trenes_programados,trenes_cancelados,trenes_corridos,trenes_puntuales,trenes_atrasados,tasa_cancelacion,tarifa_media_pesos
0.799861835766357,0.9039508557105582,0.8848510189612231,,1993-01-01,15451305.0,0.0,0.0,0.0,0.0,55007,6334.0,48673.0,43998.0,4675.0,0.1151,0.0
0.770790195034412,0.8777453402200763,0.8781478632984283,,1993-02-01,15044852.0,0.0,0.0,0.0,0.0,50709,6179.0,44530.0,39086.0,5444.0,0.1219,0.0
0.7407944536804499,0.8676001491362525,0.8538431608361926,,1993-03-01,18336122.0,0.0,0.0,0.0,0.0,56542,8264.0,48278.0,41886.0,6392.0,0.1462,0.0
0.7769772117962467,0.8865403407401113,0.8764149538278224,,1993-04-01,17788097.0,0.0,0.0,0.0,0.0,53712,6638.0,47074.0,41733.0,5341.0,0.1236,0.0
0.7713115058029589,0.8747109036625877,0.8817902035670585,,1993-05-01,18311583.0,0.0,0.0,0.0,0.0,53938,6376.0,47562.0,41603.0,5959.0,0.1182,0.0
0.7342761721738157,0.8649260455814158,0.8489467694087356,,1993-06-01,17579832.0,0.0,0.0,0.0,0.0,53597,8096.0,45501.0,39355.0,6146.0,0.1511,0.0
0.7527769763416041,0.8793074395484034,0.8561021350259665,,1993-07-01,18087037.0,0.0,0.0,0.0,0.0,55456,7980.0,47476.0,41746.0,5730.0,0.1439,0.0
0.7783156740957252,0.8905355127294009,0.8739861161856046,,1993-08-01,17819606.0,0.0,0.0,0.0,0.0,54740,6898.0,47842.0,42605.0,5237.0,0.126,0.0
0.7936036866359447,0.8960041623309053,0.8857142857142857,,1993-09-01,18383358.0,0.0,0.0,0.0,0.0,54250,6200.0,48050.0,43053.0,4997.0,0.1143,0.0
0.8047721544603271,0.9034303298155759,0.8907960336295233,,1993-10-01,18221973.0,0.0,0.0,0.0,0.0,54357,5936.0,48421.0,43745.0,4676.0,0.1092,0.0
0.785395537525355,0.8971458662453923,0.8754379494744606,,1993-11-01,18669210.0,0.0,0.0,0.0,0.0,54230,6755.0,47475.0,42592.0,4883.0,0.1246,0.0
0.762519378447561,0.8951623143014348,0.8518224753938782,,1993-12-01,18390000.0,0.0,0.0,0.0,0.0,55474,8220.0,47254.0,42300.0,4954.0,0.1482,0.0
0.7853798602728702,0.9075980133150163,0.8653388931562969,,1994-01-01,16160948.0,0.0,0.0,0.0,0.0,54678,7363.0,47315.0,42943.0,4372.0,0.1347,0.0
0.7543600063131313,0.8799825094356991,0.8572443181818182,,1994-02-01,15643871.0,0.0,0.0,0.0,0.0,50688,7236.0,43452.0,38237.0,5215.0,0.1428,0.0
0.7229909573249194,0.8495443247721624,0.8510338263030794,,1994-03-01,18686469.0,0.0,0.0,0.0,0.0,56731,8451.0,48280.0,41016.0,7264.0,0.149,0.0
0.7178540481482877,0.8463178466731811,0.8482085672305316,,1994-04-01,18515768.0,0.0,0.0,0.0,0.0,53086,8058.0,45028.0,38108.0,6920.0,0.1518,0.0
0.7663309461272463,0.8527661542990517,0.8986413711003194,,1994-05-01,20595574.0,0.0,0.0,0.0,0.0,52921,5364.0,47557.0,40555.0,7002.0,0.1014,0.0
0.777153987167736,0.8757908327953519,0.8873739688359303,,1994-06-01,20454845.0,0.0,0.0,0.0,0.0,52368,5898.0,46470.0,40698.0,5772.0,0.1126,0.0
0.8101683724001321,0.9017270240476871,0.8984630057591431,,1994-07-01,21437215.0,0.0,0.0,0.0,0.0,54522,5536.0,48986.0,44172.0,4814.0,0.1015,0.0
0.8367416865036428,0.9078084952358592,0.9217160787708288,,1994-08-01,22971705.0,0.0,0.0,0.0,0.0,55452,4341.0,51111.0,46399.0,4712.0,0.0783,0.0
0.8484536839785499,0.9244807299795894,0.917762432968486,,1994-09-01,22945908.0,0.0,0.0,0.0,0.0,54452,4478.0,49974.0,46200.0,3774.0,0.0822,0.0
0.8382331696041606,0.9193685753332409,0.9117487720312049,,1994-10-01,22825879.0,0.0,0.0,0.0,0.0,55376,4887.0,50489.0,46418.0,4071.0,0.0883,0.0
0.8374509768484213,0.9088537580417386,0.9214364461151976,,1994-11-01,23628780.0,0.0,0.0,0.0,0.0,55331,4347.0,50984.0,46337.0,4647.0,0.0786,0.0
0.7915637535691138,0.8885830023203681,0.8908157724175382,,1994-12-01,22276065.0,0.0,0.0,0.0,0.0,57087,6233.0,50854.0,45188.0,5666.0,0.1092,0.0
0.8335588877460799,0.8953560491530023,0.9309803496995616,,1995-01-01,21769834.0,0.0,0.0,0.0,0.0,55419,3825.0,51594.0,46195.0,5399.0,0.069,0.0
0.8855733082706767,0.9260252656579513,0.9563165726817042,,1995-02-01,22243249.0,0.0,0.0,0.0,0.0,51072,2231.0,48841.0,45228.0,3613.0,0.0437,0.0
0.8588907444844862,0.9102561714019562,0.9435703612551639,,1995-03-01,27425212.0,0.0,0.0,0.0,0.0,56885,3210.0,53675.0,48858.0,4817.0,0.0564,0.0
0.8494225481209899,0.9073747699056124,0.9361319890009165,,1995-04-01,25786318.0,0.0,0.0,0.0,0.0,54550,3484.0,51066.0,46336.0,4730.0,0.0639,0.0
0.8647651455772429,0.9173595619549787,0.9426676097803437,,1995-05-01,27701581.0,0.0,0.0,0.0,0.0,52309,2999.0,49310.0,45235.0,4075.0,0.0573,0.0
0.9085563178430757,0.9297203194186883,0.9772361632487009,,1995-06-01,29125049.0,0.0,0.0,0.0,0.0,54077,1231.0,52846.0,49132.0,3714.0,0.0228,0.0
0.9225404732254048,0.9394032716798608,0.9820494573919232,,1995-07-01,30928326.0,0.0,0.0,0.0,0.0,56210,1009.0,55201.0,51856.0,3345.0,0.018,0.0
0.9440060776628624,0.9555050681579867,0.9879655368889964,,1995-08-01,32493786.0,0.0,0.0,0.0,0.0,57917,697.0,57220.0,54674.0,2546.0,0.012,0.0
0.9368591094254811,0.9521396195438809,0.9839513976682118,,1995-09-01,32279981.0,0.0,0.0,0.0,0.0,56952,914.0,56038.0,53356.0,2682.0,0.016,0.0
0.9633128749741398,0.9683043063859285,0.9948451830908214,,1995-10-01,33490038.0,0.0,0.0,0.0,0.0,58004,299.0,57705.0,55876.0,1829.0,0.0052,0.0
0.9661470010002414,0.9743638798546012,0.9915669299486083,,1995-11-01,33662628.0,0.0,0.0,0.0,0.0,57986,489.0,57497.0,56023.0,1474.0,0.0084,0.0
0.9562005633042686,0.9657451411245678,0.9901168772030425,,1995-12-01,32712125.0,0.0,0.0,0.0,0.0,59293,586.0,58707.0,56696.0,2011.0,0.0099,0.0
0.9625889836926339,0.973102638697494,0.9891957388801939,,1996-01-01,30112257.0,0.0,0.0,0.0,0.0,59421,642.0,58779.0,57198.0,1581.0,0.0108,0.0
0.9563165796811325,0.9677851135027584,0.9881497104454136,,1996-02-01,30114040.0,0.0,0.0,0.0,0.0,55948,663.0,55285.0,53504.0,1781.0,0.0119,0.0
0.9533066799933366,0.9662479316516395,0.9866066966516741,,1996-03-01,34978474.0,0.0,0.0,0.0,0.0,60030,804.0,59226.0,57227.0,1999.0,0.0134,0.0
0.9481163195912913,0.9608599495962558,0.9867372659144351,,1996-04-01,34773989.0,0.0,0.0,0.0,0.0,59113,784.0,58329.0,56046.0,2283.0,0.0133,0.0
0.9372135957537995,0.9473640362569982,0.989285596545017,,1996-05-01,36748835.0,0.0,0.0,0.0,0.0,60666,650.0,60016.0,56857.0,3159.0,0.0107,0.0
0.9557786871152987,0.9670180565702954,0.9883772910147519,,1996-06-01,33161150.0,0.0,0.0,0.0,0.0,58162,676.0,57486.0,55590.0,1896.0,0.0116,0.0
0.958673911331601,0.9702567862664775,0.988062052130089,,1996-07-01,35496799.0,0.0,0.0,0.0,0.0,63495,758.0,62737.0,60871.0,1866.0,0.0119,0.0
0.9338703840646978,0.9719170119045669,0.9608540365341347,,1996-08-01,35368204.0,0.0,0.0,0.0,0.0,63557,2488.0,61069.0,59354.0,1715.0,0.0391,0.0
0.9414785389012692,0.9725915422470598,0.968010205729419,,1996-09-01,33945368.0,0.0,0.0,0.0,0.0,61926,1981.0,59945.0,58302.0,1643.0,0.032,0.0
0.9227797466044078,0.9694635752065324,0.9518457115914034,,1996-10-01,39018020.0,0.0,0.0,0.0,0.0,65747,3166.0,62581.0,60670.0,1911.0,0.0482,0.0
0.951538019595969,0.9683485296209092,0.9826400211176846,,1996-11-01,37379181.0,0.0,0.0,0.0,0.0,64401,1118.0,63283.0,61280.0,2003.0,0.0174,0.0
0.9007008810639955,0.9615923836849141,0.9366763884011056,,1996-12-01,35821524.0,0.0,0.0,0.0,0.0,65489,4147.0,61342.0,58986.0,2356.0,0.0633,0.0
0.9548057413391449,0.9664699081117264,0.9879311640489967,,1997-01-01,32474230.0,0.0,0.0,0.0,0.0,66535,803.0,65732.0,63528.0,2204.0,0.0121,0.0
0.9520445973665057,0.9674399058665322,0.9840865480050288,,1997-02-01,31951774.0,0.0,0.0,0.0,0.0,60452,962.0,59490.0,57553.0,1937.0,0.0159,0.0
0.9505209535681857,0.9613810064909796,0.9887036951536697,,1997-03-01,37739347.0,0.0,0.0,0.0,0.0,64977,734.0,64243.0,61762.0,2481.0,0.0113,0.0
0.9455538173675654,0.9597733358241485,0.9851845035428362,,1997-04-01,40015304.0,0.0,0.0,0.0,0.0,65202,966.0,64236.0,61652.0,2584.0,0.0148,0.0
0.9467231083226245,0.961403239425808,0.984730516289969,,1997-05-01,39785394.0,0.0,0.0,0.0,0.0,66145,1010.0,65135.0,62621.0,2514.0,0.0153,0.0
0.961783642506534,0.9690264776248816,0.9925256581883088,,1997-06-01,36443593.0,0.0,0.0,0.0,0.0,62748,469.0,62279.0,60350.0,1929.0,0.0075,0.0
0.9677903724422199,0.97265867731913,0.9949948476372736,,1997-07-01,40080856.0,0.0,0.0,0.0,0.0,67930,340.0,67590.0,65742.0,1848.0,0.005,0.0
0.9632084752175558,0.9789426730038607,0.983927355278093,,1997-08-01,38611095.0,0.0,0.0,0.0,0.0,66075,1062.0,65013.0,63644.0,1369.0,0.0161,0.0
0.9726971204583145,0.9786282004611091,0.9939393939393939,,1997-09-01,40882315.0,0.0,0.0,0.0,0.0,66330,402.0,65928.0,64519.0,1409.0,0.0061,0.0
0.9628637280322674,0.9696380648436933,0.9930135407663497,,1997-10-01,42376550.0,0.0,0.0,0.0,0.0,69420,485.0,68935.0,66842.0,2093.0,0.007,0.0
0.9604707027092773,0.9692683001672369,0.9909234651990149,,1997-11-01,39484686.0,0.0,0.0,0.0,0.0,65774,597.0,65177.0,63174.0,2003.0,0.0091,0.0
0.955372259604949,0.9701124090808905,0.9848057304102453,,1997-12-01,39418568.0,0.0,0.0,0.0,0.0,69105,1050.0,68055.0,66021.0,2034.0,0.0152,0.0
0.9640943270173843,0.9745251300324722,0.9892965274125457,,1998-01-01,36081608.0,0.0,0.0,0.0,0.0,70351,753.0,69598.0,67825.0,1773.0,0.0107,0.0
0.9635994545341846,0.9766145244377434,0.9866732783735201,,1998-02-01,34373236.0,0.0,0.0,0.0,0.0,64532,860.0,63672.0,62183.0,1489.0,0.0133,0.0
0.9656666854280408,0.9755085215561968,0.9899110710868464,,1998-03-01,41449472.0,0.0,0.0,0.0,0.0,71068,717.0,70351.0,68628.0,1723.0,0.0101,0.0
0.9583837971137149,0.969302970823064,0.9887350250251711,,1998-04-01,40521468.0,0.0,0.0,0.0,0.0,68531,772.0,67759.0,65679.0,2080.0,0.0113,0.0
0.9729235272594219,0.9800091403635506,0.992769849981705,,1998-05-01,40712808.0,0.0,0.0,0.0,0.0,68325,494.0,67831.0,66475.0,1356.0,0.0072,0.0
0.9769369422610957,0.9818254710677535,0.9950209798475267,,1998-06-01,39338452.0,0.0,0.0,0.0,0.0,67684,337.0,67347.0,66123.0,1224.0,0.005,0.0
0.9702468256296358,0.9751231907456024,0.9949992317255444,,1998-07-01,41723505.0,0.0,0.0,0.0,0.0,71589,358.0,71231.0,69459.0,1772.0,0.005,0.0
0.9749093362570633,0.9802555332560703,0.9945461190295466,,1998-08-01,41911352.0,0.0,0.0,0.0,0.0,71142,388.0,70754.0,69357.0,1397.0,0.0055,0.0
0.9676887385750622,0.977566319831712,0.98989574307516,,1998-09-01,41263138.0,0.0,0.0,0.0,0.0,71554,723.0,70831.0,69242.0,1589.0,0.0101,0.0
0.9727707050343818,0.9811841060709461,0.9914252575184336,,1998-10-01,42649978.0,0.0,0.0,0.0,0.0,72422,621.0,71801.0,70450.0,1351.0,0.0086,0.0
0.9731739444499525,0.9798354320265819,0.9932014220358908,,1998-11-01,40524800.0,0.0,0.0,0.0,0.0,70603,480.0,70123.0,68709.0,1414.0,0.0068,0.0
0.9337005077550568,0.9793658415913622,0.9533725479315225,,1998-12-01,39390041.0,0.0,0.0,0.0,0.0,72082,3361.0,68721.0,67303.0,1418.0,0.0466,0.0
0.978545154477685,0.9856168822021244,0.9928250744765661,,1999-01-01,34531893.0,0.0,0.0,0.0,0.0,71499,513.0,70986.0,69965.0,1021.0,0.0072,0.0
0.9768643711315426,0.9815536032364218,0.9952226428700198,,1999-02-01,33862362.0,0.0,0.0,0.0,0.0,66564,318.0,66246.0,65024.0,1222.0,0.0048,0.0
0.9673034337397615,0.9750164719170622,0.9920893252581308,,1999-03-01,41593869.0,0.0,0.0,0.0,0.0,74962,593.0,74369.0,72511.0,1858.0,0.0079,0.0
0.962580464595578,0.9698277077517412,0.9925272879932829,,1999-04-01,40224026.0,0.0,0.0,0.0,0.0,71460,534.0,70926.0,68786.0,2140.0,0.0075,0.0
0.9584388623624662,0.9678825995807128,0.9902428897654142,,1999-05-01,41294140.0,0.0,0.0,0.0,0.0,72255,705.0,71550.0,69252.0,2298.0,0.0098,0.0
0.9642493638676845,0.9711271515824542,0.9929177268871925,,1999-06-01,39880329.0,0.0,0.0,0.0,0.0,70740,501.0,70239.0,68211.0,2028.0,0.0071,0.0
0.9670662307785446,0.9745658156970675,0.9923046911786468,,1999-07-01,40735159.0,0.0,0.0,0.0,0.0,74331,572.0,73759.0,71883.0,1876.0,0.0077,0.0
0.9623509669386816,0.9721390586337476,0.9899313872761967,,1999-08-01,41164470.0,0.0,0.0,0.0,0.0,73893,744.0,73149.0,71111.0,2038.0,0.0101,0.0
0.9652186913855438,0.9758695084580397,0.9890858183597466,,1999-09-01,42237319.0,0.0,0.0,0.0,0.0,73574,803.0,72771.0,71015.0,1756.0,0.0109,0.0
0.9695495127104204,0.9780549177059414,0.9913037551966196,,1999-10-01,42301770.0,0.0,0.0,0.0,0.0,73365,638.0,72727.0,71131.0,1596.0,0.0087,0.0
0.9584385950615272,0.9720370268334344,0.9860103767690761,,1999-11-01,42463775.0,0.0,0.0,0.0,0.0,73626,1030.0,72596.0,70566.0,2030.0,0.014,0.0
0.9573928446818218,0.9724259193631928,0.9845406478971523,,1999-12-01,40748489.0,0.0,0.0,0.0,0.0,74518,1152.0,73366.0,71343.0,2023.0,0.0155,0.0
0.9646474892143736,0.9774571068354986,0.986894956789873,,2000-01-01,35044853.0,0.0,0.0,0.0,0.0,73941,969.0,72972.0,71327.0,1645.0,0.0131,0.0
0.9641251180558492,0.9747046500691169,0.989145909981534,,2000-02-01,35955476.0,0.0,0.0,0.0,0.0,70941,770.0,70171.0,68396.0,1775.0,0.0109,0.0
0.9702175052410902,0.9796650084674005,0.990356394129979,,2000-03-01,42989016.0,0.0,0.0,0.0,0.0,76320,736.0,75584.0,74047.0,1537.0,0.0096,0.0
0.96391400784849,0.9722218238659993,0.991454814309276,,2000-04-01,39720496.0,0.0,0.0,0.0,0.0,70332,601.0,69731.0,67794.0,1937.0,0.0085,0.0
0.9425215814683517,0.9596748639526073,0.9821259437664059,,2000-05-01,40283796.0,0.0,0.0,0.0,0.0,73906,1321.0,72585.0,69658.0,2927.0,0.0179,0.0
0.8996108298112734,0.9384084857479593,0.9586558982299034,,2000-06-01,38974326.0,0.0,0.0,0.0,0.0,71691,2964.0,68727.0,64494.0,4233.0,0.0413,0.0
0.9635938947283638,0.9729718739410369,0.9903615104774945,,2000-07-01,40331216.0,0.0,0.0,0.0,0.0,74493,718.0,73775.0,71781.0,1994.0,0.0096,0.0
0.96741200442142,0.9763053558228614,0.9908908095726404,,2000-08-01,42254295.0,0.0,0.0,0.0,0.0,75089,684.0,74405.0,72642.0,1763.0,0.0091,0.0
0.9593880122726277,0.971510603769921,0.9875219154065308,,2000-09-01,41756202.0,0.0,0.0,0.0,0.0,73008,911.0,72097.0,70043.0,2054.0,0.0125,0.0
0.9655060421938644,0.9782408994310002,0.9869818801845812,,2000-10-01,41945237.0,0.0,0.0,0.0,0.0,73897,962.0,72935.0,71348.0,1587.0,0.013,0.0
0.9249969344796108,0.9732364282744879,0.9504339414417483,,2000-11-01,40101083.0,0.0,0.0,0.0,0.0,73397,3638.0,69759.0,67892.0,1867.0,0.0496,0.0
0.933139575115909,0.9647988094556694,0.9671856618919106,,2000-12-01,38229484.0,0.0,0.0,0.0,0.0,72255,2371.0,69884.0,67424.0,2460.0,0.0328,0.0
0.9502784458477487,0.9727221264103003,0.9769269352951011,,2001-01-01,34203156.0,0.0,0.0,0.0,0.0,77753,1794.0,75959.0,73887.0,2072.0,0.0231,0.0
0.9589070172211295,0.9713741005131734,0.9871655181196848,,2001-02-01,33655911.0,0.0,0.0,0.0,0.0,70669,907.0,69762.0,67765.0,1997.0,0.0128,0.0
0.9423133347791144,0.9588509417552604,0.9827526821365242,,2001-03-01,39192246.0,0.0,0.0,0.0,0.0,78389,1352.0,77037.0,73867.0,3170.0,0.0172,0.0
0.953351805136264,0.9706662549649819,0.9821623037370939,,2001-04-01,37468364.0,0.0,0.0,0.0,0.0,72543,1294.0,71249.0,69159.0,2090.0,0.0178,0.0
0.9293066967820658,0.9604631194826799,0.9675610420966548,,2001-05-01,38691947.0,0.0,0.0,0.0,0.0,77037,2499.0,74538.0,71591.0,2947.0,0.0324,0.0
0.9455280431186296,0.9666125666589381,0.9781872031591867,,2001-06-01,36892919.0,0.0,0.0,0.0,0.0,74956,1635.0,73321.0,70873.0,2448.0,0.0218,0.0
0.9190602215822111,0.9732384498083554,0.9443320100672011,,2001-07-01,35836559.0,0.0,0.0,0.0,0.0,77082,4291.0,72791.0,70843.0,1948.0,0.0557,0.0
0.9528723770209838,0.9693348540619006,0.983016728458765,,2001-08-01,37876747.0,0.0,0.0,0.0,0.0,78489,1333.0,77156.0,74790.0,2366.0,0.017,0.0
0.9620495646349632,0.9759468384361368,0.9857602143335567,,2001-09-01,36376303.0,0.0,0.0,0.0,0.0,74650,1063.0,73587.0,71817.0,1770.0,0.0142,0.0
0.9486696401107352,0.9660910763929677,0.9819670870501385,,2001-10-01,37091044.0,0.0,0.0,0.0,0.0,78024,1407.0,76617.0,74019.0,2598.0,0.018,0.0
0.9416562190696139,0.9592396418680934,0.9816694160343121,,2001-11-01,36174716.0,0.0,0.0,0.0,0.0,75775,1389.0,74386.0,71354.0,3032.0,0.0183,0.0
0.8535927824044416,0.9695747745016297,0.8803784966901559,,2001-12-01,28481290.0,0.0,0.0,0.0,0.0,74928,8963.0,65965.0,63958.0,2007.0,0.1196,0.0
0.9122390218078994,0.9716289623874029,0.938875905434544,,2002-01-01,27259794.0,0.0,0.0,0.0,0.0,77449,4734.0,72715.0,70652.0,2063.0,0.0611,0.0
0.8811853672093262,0.9651703034381108,0.9129843345473694,,2002-02-01,26194794.0,0.0,0.0,0.0,0.0,68367,5949.0,62418.0,60244.0,2174.0,0.087,0.0
0.8630495892579351,0.9505816574984218,0.907917360334052,,2002-03-01,29239912.0,0.0,0.0,0.0,0.0,73282,6748.0,66534.0,63246.0,3288.0,0.0921,0.0
0.8232366068324968,0.9630292285421512,0.8548407280210231,,2002-04-01,29444642.0,0.0,0.0,0.0,0.0,71921,10440.0,61481.0,59208.0,2273.0,0.1452,0.0
0.8499364484959477,0.9428718710675137,0.9014336672634585,,2002-05-01,31107973.999999996,0.0,0.0,0.0,0.0,73169,7212.0,65957.0,62189.0,3768.0,0.0986,0.0
0.8386641105841994,0.9431980287900402,0.8891707626446805,,2002-06-01,29078876.0,0.0,0.0,0.0,0.0,69377,7689.0,61688.0,58184.0,3504.0,0.1108,0.0
0.8214705445310495,0.9272231031959014,0.8859470193307847,,2002-07-01,31204495.0,0.0,0.0,0.0,0.0,74027,8443.0,65584.0,60811.0,4773.0,0.1141,0.0
0.8757275743893815,0.9657892763404574,0.9067480824674972,,2002-08-01,30891312.0,0.0,0.0,0.0,0.0,73532,6857.0,66675.0,64394.0,2281.0,0.0933,0.0
0.8415569940412397,0.9388330942132951,0.8963861619582458,,2002-09-01,29852342.0,0.0,0.0,0.0,0.0,69981,7251.0,62730.0,58893.0,3837.0,0.1036,0.0
0.867141400944683,0.9216156005859375,0.9408927110102939,,2002-10-01,31318036.0,0.0,0.0,0.0,0.0,69653,4117.0,65536.0,60399.0,5137.0,0.0591,0.0
0.8965784083149989,0.9190151797934553,0.9755860708595706,,2002-11-01,31759094.0,0.0,0.0,0.0,0.0,65905,1609.0,64296.0,59089.0,5207.0,0.0244,0.0
0.917336566817862,0.9384226646248086,0.9775302764928668,,2002-12-01,30889774.0,0.0,0.0,0.0,0.0,66801,1501.0,65300.0,61279.0,4021.0,0.0225,0.0
0.9145084080029459,0.9379071597167584,0.975052166441635,,2003-01-01,26478170.0,0.0,0.0,0.0,0.0,65176,1626.0,63550.0,59604.0,3946.0,0.0249,0.0
0.8665271132376395,0.9253450661746443,0.936436735778841,,2003-02-01,25756503.0,0.0,0.0,0.0,0.0,60192,3826.0,56366.0,52158.0,4208.0,0.0636,0.0
0.8635554365123131,0.9190435467914214,0.9396240684428618,,2003-03-01,29836855.0,0.0,0.0,0.0,0.0,63469,3832.0,59637.0,54809.0,4828.0,0.0604,0.0
0.8890942114822712,0.9242755110417864,0.9619363499960515,,2003-04-01,32235755.0,0.0,0.0,0.0,0.0,63315,2410.0,60905.0,56293.0,4612.0,0.0381,0.0
0.8516991847577173,0.9239330252894122,0.9218191810937071,,2003-05-01,32420827.0,0.0,0.0,0.0,0.0,65502,5121.0,60381.0,55788.0,4593.0,0.0782,0.0
0.8578582434514638,0.9202320896678776,0.9322194401643554,,2003-06-01,31260483.0,0.0,0.0,0.0,0.0,62304,4223.0,58081.0,53448.0,4633.0,0.0678,0.0
0.8359644130245933,0.9036801968816282,0.9250666506904712,,2003-07-01,32922262.0,0.0,0.0,0.0,0.0,66766,5003.0,61763.0,55814.0,5949.0,0.0749,0.0
0.8232198001125698,0.8936669143753613,0.9211707257708749,,2003-08-01,32459065.0,0.0,0.0,0.0,0.0,65737,5182.0,60555.0,54116.0,6439.0,0.0788,0.0
0.8487985624095542,0.9109139005034559,0.9318098691220202,,2003-09-01,34164757.0,0.0,0.0,0.0,0.0,62883,4288.0,58595.0,53375.0,5220.0,0.0682,0.0
0.8629632507186699,0.9193484306714342,0.9386683241395385,,2003-10-01,35433123.0,0.0,0.0,0.0,0.0,64355,3947.0,60408.0,55536.0,4872.0,0.0613,0.0
0.8502540955659106,0.9068208973315556,0.9376207562793265,,2003-11-01,33132532.0,0.0,0.0,0.0,0.0,61591,3842.0,57749.0,52368.0,5381.0,0.0624,0.0
0.8345321466398976,0.899441150412322,0.9278340736993534,,2003-12-01,33108127.0,0.0,0.0,0.0,0.0,63257,4565.0,58692.0,52790.0,5902.0,0.0722,0.0
0.8536508783773176,0.9131135703370333,0.934879193682591,,2004-01-01,28618924.0,0.0,0.0,0.0,0.0,63697,4148.0,59549.0,54375.0,5174.0,0.0651,0.0
0.839249169658134,0.9086797798725004,0.9235917737444225,,2004-02-01,29418610.0,0.0,0.0,0.0,0.0,59614,4555.0,55059.0,50031.0,5028.0,0.0764,0.0
0.8083235549595403,0.8694148500245862,0.9297328599076515,,2004-03-01,35194249.0,0.0,0.0,0.0,0.0,65621,4611.0,61010.0,53043.0,7967.0,0.0703,0.0
0.7992395063347155,0.8575699488243673,0.9319817088161539,,2004-04-01,31989399.0,0.0,0.0,0.0,0.0,61013,4150.0,56863.0,48764.0,8099.0,0.068,0.0
0.8026414432233264,0.8581905005542765,0.9352718804332222,,2004-05-01,33321027.0,0.0,0.0,0.0,0.0,62693,4058.0,58635.0,50320.0,8315.0,0.0647,0.0
0.7790770115493363,0.8788359311649698,0.8864874363029345,,2004-06-01,31586456.0,0.0,0.0,0.0,0.0,62601,7106.0,55495.0,48771.0,6724.0,0.1135,0.0
0.8207109975212082,0.8946511588876022,0.9173530815537867,,2004-07-01,33293223.0,0.0,0.0,0.0,0.0,64951,5368.0,59583.0,53306.0,6277.0,0.0826,0.0
0.8130625038793371,0.8617077262112292,0.9435478865371485,,2004-08-01,33647059.0,0.0,0.0,0.0,0.0,64444,3638.0,60806.0,52397.0,8409.0,0.0565,0.0
0.8270352009478378,0.8716747999539936,0.9487887007763539,,2004-09-01,35394863.0,0.0,0.0,0.0,0.0,64146,3285.0,60861.0,53051.0,7810.0,0.0512,0.0
0.8350968225935014,0.8840941807171104,0.9445790288045262,,2004-10-01,35217518.0,0.0,0.0,0.0,0.0,63983,3546.0,60437.0,53432.0,7005.0,0.0554,0.0
0.8361347810508934,0.8744114820064187,0.9562257567024441,,2004-11-01,35308105.0,0.0,0.0,0.0,0.0,64193,2810.0,61383.0,53674.0,7709.0,0.0438,0.0
0.8554405290087885,0.8963361416383164,0.9543746918931783,,2004-12-01,34905486.0,0.0,0.0,0.0,0.0,58827,2684.0,56143.0,50323.0,5820.0,0.0456,0.0
0.8833285075443168,0.9165762547779206,0.9637261525592767,,2005-01-01,28933883.0,549662014.621761,2042602.6814,11612538.3918,3074333.35,62166,2255.0,59911.0,54913.0,4998.0,0.0363,0.1063
0.871360913776292,0.9065285124266358,0.9612062961415239,,2005-02-01,29699098.0,564978943.0179156,1890768.3206,10672439.8508,3036094.5,57432,2228.0,55204.0,50044.0,5160.0,0.0388,0.1022
0.8430350968597546,0.8774752271868272,0.9607508801844046,,2005-03-01,35073340.0,665683742.0952166,2084687.187,11734036.4974,3624614.05,63339,2486.0,60853.0,53397.0,7456.0,0.0392,0.1033
0.8167536696722251,0.8557834093481019,0.9543929699389615,,2005-04-01,35929990.0,682814998.0497822,1990939.732,11213599.7654,3658819.25,61109,2787.0,58322.0,49911.0,8411.0,0.0456,0.1018
0.8227955542743666,0.8585011279137773,0.9584094039268442,,2005-05-01,35993120.0,683962047.8097161,2045749.3932,11510772.8944,3691637.4,62442,2597.0,59845.0,51377.0,8468.0,0.0416,0.1026
0.8150484564219059,0.8508982955417925,0.9578682442922748,,2005-06-01,34419580.0,654842259.4897488,1999258.4759999998,11239633.3739,3458344.1500000004,61189,2578.0,58611.0,49872.0,8739.0,0.0421,0.1005
0.8073191816348093,0.8524628959734947,0.9470431914961739,,2005-07-01,34644617.0,658405508.902286,2019778.1208,11473599.213920001,3583804.4,62466,3308.0,59158.0,50430.0,8728.0,0.053,0.1034
0.8099345580698573,0.8663135879098637,0.934920760072538,,2005-08-01,34715022.00000001,659774961.6046205,2023389.0062,11536989.37564,3536888.05,63415,4127.0,59288.0,51362.0,7926.0,0.0651,0.1019
0.7863476312419975,0.8222348668686091,0.956354033290653,,2005-09-01,36326634.0,689520553.127449,2048917.5855999999,11660337.383119998,3747717.25,62480,2727.0,59753.0,49131.0,10622.0,0.0436,0.1032
0.8006197687048751,0.8433645740438491,0.94931633761421,,2005-10-01,36210553.0,687585723.5375943,2033746.6028,11594274.60526,3675906.0,62604,3173.0,59431.0,50122.0,9309.0,0.0507,0.1015
0.8320321249160081,0.8717377093146047,0.954452372572233,,2005-11-01,36291325.0,689941175.5791632,2040595.0672,11392651.1932,3755541.4499999997,62506,2847.0,59659.0,52007.0,7652.0,0.0455,0.1035
0.833124451685675,0.8710892710892711,0.9564168442160672,,2005-12-01,36366197.0,691820514.8826814,2100514.0702,11861350.64758,3572470.3500000006,63832,2782.0,61050.0,53180.0,7870.0,0.0436,0.0982
0.8560752019888129,0.8961193155943009,0.955313859540087,,2006-01-01,31417649.0,599581550.2097826,2114830.2626,11943739.40154,3241063.65,64360,2876.0,61484.0,55097.0,6387.0,0.0447,0.1032
0.83995672185203,0.876992594452115,0.9577694579927183,,2006-02-01,30952495.0,590828279.2133571,1920547.0768,10842155.57902,3198686.25,58228,2459.0,55769.0,48909.0,6860.0,0.0422,0.1033
0.7922015279528233,0.8318601421452496,0.9523253823771959,,2006-03-01,36967770.0,703565976.5215566,2115956.3062,11960324.3183,3776098.8,64269,3064.0,61205.0,50914.0,10291.0,0.0477,0.1021
0.833818474846646,0.8703160135262715,0.9580640386797573,,2006-04-01,35667682.0,679064812.8785167,2012640.7078,11428545.5683,3709278.1500000004,60807,2550.0,58257.0,50702.0,7555.0,0.0419,0.104
0.7887465618860511,0.8334551252242078,0.9463575638506876,,2006-05-01,37251204.0,708671969.3357786,2080813.4588,11782126.664,3786749.5,63625,3413.0,60212.0,50184.0,10028.0,0.0536,0.1017
0.8052847160870613,0.8396784188928901,0.9590394345835676,,2006-06-01,35289262.0,671633678.3700126,2064899.5003999998,11675610.954499999,3644938.55,62255,2550.0,59705.0,50133.0,9572.0,0.041,0.1033
0.8217763075770815,0.8600917805758332,0.9554518786668331,,2006-07-01,37063564.0,704886296.2602208,2117736.8096,12086257.818979999,6293649.15,64088,2855.0,61233.0,52666.0,8567.0,0.0445,0.1698
0.824799764519977,0.8632067059033351,0.9555066693519652,,2006-08-01,38247676.00000001,727083364.1713533,2136155.5248,12239305.04111,6557877.0,64549,2872.0,61677.0,53240.0,8437.0,0.0445,0.1715
0.841210884570627,0.8838159679769542,0.9517941687522915,,2006-09-01,38456326.0,729711223.5977861,2070771.1202,11835474.86718,6438568.1,62731,3024.0,59707.0,52770.0,6937.0,0.0482,0.1674
0.8347376363693526,0.8704939263290765,0.9589241361964348,,2006-10-01,38257935.0,726783301.1517658,2117925.7366,12099879.28924,6925221.85,63614,2613.0,61001.0,53101.0,7900.0,0.0411,0.181
0.8299680349400259,0.8635712521610274,0.961088077982087,,2006-11-01,39160140.00000001,746772175.3289114,2187961.502,12479994.227449998,6688601.95,63194,2459.0,60735.0,52449.0,8286.0,0.0389,0.1708
0.8024367897384791,0.8469394679695983,0.9474547120376771,,2006-12-01,35892820.0,685021979.280091,2124272.0806,12102083.43192,6180794.95,62213,3269.0,58944.0,49922.0,9022.0,0.0525,0.1722
0.835987606506584,0.8761934143014873,0.9541130906274206,,2007-01-01,33197506.0,635865741.4014143,2215209.7578,12543134.93465,5924631.3,64550,2962.0,61588.0,53963.0,7625.0,0.0459,0.1785
0.7941357077064783,0.8354328165374677,0.9505680073687442,,2007-02-01,33822376.0,644067508.0569689,2002582.1998,11377879.32559,5619562.5,58626,2898.0,55728.0,46557.0,9171.0,0.0494,0.1661
0.7441400210278929,0.7952149631538945,0.9357721565959553,,2007-03-01,34784777.0,667708862.2964305,2176951.3768,12338309.12816,6548230.6,64676,4154.0,60522.0,48128.0,12394.0,0.0642,0.1882
0.7156543177192779,0.7771868037087616,0.9208266459288185,,2007-04-01,34002587.0,651073365.1451806,2007646.487,11471313.5136,6247893.05,60437,4785.0,55652.0,43252.0,12400.0,0.0792,0.1837
0.730183883519518,0.7806330409111495,0.9353740429270742,,2007-05-01,35426843.0,675915692.8330051,2148050.1388,12261685.00137,6739746.5,63736,4119.0,59617.0,46539.0,13078.0,0.0646,0.1902
0.7431940013279997,0.788745466733126,0.9422482063905939,,2007-06-01,34219965.49801366,652700916.1287984,2094826.9856,12115151.65459,6230241.1,61747,3566.0,58181.0,45890.0,12291.0,0.0578,0.1821
0.7940166824585657,0.8367243383038974,0.9489585113158018,,2007-07-01,34403069.0,655142696.8599161,2195094.603,12809978.9148,6812588.65,64379,3286.0,61093.0,51118.0,9975.0,0.051,0.198
0.8063905758842738,0.8394383200432062,0.9606311227759636,,2007-08-01,35559155.0,676429179.4256833,2265151.2062,13200896.83569,6818291.1,65534,2580.0,62954.0,52846.0,10108.0,0.0394,0.1917
0.7896914132379249,0.8267725752508361,0.9551495016611296,,2007-09-01,34526282.0,655974547.422638,2151520.3136,12511243.18019,6544273.4,62608,2808.0,59800.0,49441.0,10359.0,0.0449,0.1895
0.8118042138191186,0.8516206868816858,0.9532462354709111,,2007-10-01,37067004.0,706144096.9550552,2240369.2342,13044356.823089998,7154836.25,65214,3049.0,62165.0,52941.0,9224.0,0.0468,0.193
0.83643216080402,0.8685811196451576,0.9629868090452262,,2007-11-01,38307156.0,732568666.2891145,2212100.8944,12907767.195894001,6806565.3,63680,2357.0,61323.0,53264.0,8059.0,0.037,0.1777
0.8527384265115102,0.8878170834087804,0.9604888692132557,,2007-12-01,36618273.0,701980991.7528249,2195058.3946,12821734.355632,6249499.25,63248,2499.0,60749.0,53934.0,6815.0,0.0395,0.1707
0.8438500369367151,0.908413134961397,0.9289276040384142,,2008-01-01,33900118.0,652304308.7732084,2204354.1692,12661821.97804,7444270.15,64976,4618.0,60358.0,54830.0,5528.0,0.0711,0.2196
0.8089827016775122,0.8429849220546894,0.9596644975638469,,2008-02-01,34092385.0,657329200.5654899,2120389.6874,12203257.28749,7506436.7,61162,2467.0,58695.0,49479.0,9216.0,0.0403,0.2202
0.833866325551647,0.8656320026558221,0.9633034857691077,,2008-03-01,35465525.0,681719988.2728853,2181168.5212,12613668.49769,7839438.55,62540,2295.0,60245.0,52150.0,8095.0,0.0367,0.221
0.8279692258374739,0.860577083263919,0.962109312389806,,2008-04-01,38383764.0,737957309.5173751,2167737.2262,12559493.41907,8508513.85,62390,2364.0,60026.0,51657.0,8369.0,0.0379,0.2217
0.845117111508832,0.872800038574666,0.9682826239203175,,2008-05-01,38940292.0,748968615.3030131,2245836.5143999998,12962244.672906,8550076.6,64255,2038.0,62217.0,54303.0,7914.0,0.0317,0.2196
0.8387138765946368,0.8681679607889373,0.9660732882061963,,2008-06-01,35987606.0,693810230.666659,2143313.5774,12314093.328076,7771831.850000001,61456,2085.0,59371.0,51544.0,7827.0,0.0339,0.216
0.82938831825847,0.8659485242333056,0.9577801625019163,,2008-07-01,38784379.0,746157220.3674333,2251931.7922,12974264.896142,8698304.1,65230,2754.0,62476.0,54101.0,8375.0,0.0422,0.2243
0.8497349547864047,0.8850169689687089,0.9601340816962893,,2008-08-01,38962002.99999999,752487679.4427823,2220169.8268,12746551.113834,8362832.7,64140,2557.0,61583.0,54502.0,7081.0,0.0399,0.2146
0.8426146724645813,0.8874134138734776,0.949517619737847,,2008-09-01,38816395.0,749275654.6241312,2192702.9038,12689719.127614,8439093.23,64161,3239.0,60922.0,54063.0,6859.0,0.0505,0.2174
0.8652218341543765,0.8860324550580224,0.9765125749233609,,2008-10-01,40095853.0,773509827.1981175,2309338.9516,13374024.979318,8369268.91,65567,1540.0,64027.0,56730.0,7297.0,0.0235,0.2087
0.8565882221903989,0.8889806298198392,0.9635623020987477,,2008-11-01,38030269.0,734138421.5717584,2182173.6689999998,12565791.08172,8142625.6,62847,2290.0,60557.0,53834.0,6723.0,0.0364,0.2141
0.8732154470285838,0.9023617511520737,0.9676999783221331,,2008-12-01,37309320.952,719838127.8809997,2252318.3745999997,12932324.786238,7641141.35,64582,2086.0,62496.0,56394.0,6102.0,0.0323,0.2048
0.883810235338065,0.9112323026913774,0.969906611878969,,2009-01-01,33542708.439999998,650320775.9392887,2339950.554,13522456.07872,8436483.7,66925,2014.0,64911.0,59149.0,5762.0,0.0301,0.2515
0.8887928221859707,0.9109041663880157,0.9757259380097879,,2009-02-01,32467724.999999996,636666678.7118925,2156585.3462,12477191.726264,8675776.95,61300,1488.0,59812.0,54483.0,5329.0,0.0243,0.2672
0.8633080561603724,0.8870990140258297,0.9731811697574893,,2009-03-01,37075365.0,725700613.788768,2339912.4444,13453000.634814,9814746.450000001,66595,1786.0,64809.0,57492.0,7317.0,0.0268,0.2647
0.8539751892018413,0.8865399880125059,0.9632675353046735,,2009-04-01,36048586.99999999,705135173.414483,2228991.79,12807430.67575,9912361.5,64085,2354.0,61731.0,54727.0,7004.0,0.0367,0.275
0.8527262420909105,0.8749371227364185,0.9746143121964671,,2009-05-01,36291008.0,710944683.3053396,2296277.4748,13235004.793034,9623555.05,65273,1657.0,63616.0,55660.0,7956.0,0.0254,0.2652
0.8564850111311031,0.8803937242362972,0.972843158183648,,2009-06-01,35722632.0,700896831.8885763,2315592.58,13305665.00734,9869090.65,65582,1781.0,63801.0,56170.0,7631.0,0.0272,0.2763
0.8753317594615599,0.903853433265198,0.9684443597225685,,2009-07-01,33103877.999999996,655293900.2983744,2390149.1964000002,13715210.628026,9065465.2,68197,2152.0,66045.0,59695.0,6350.0,0.0316,0.2738
0.8587667161961366,0.8798678561641751,0.9760178306092124,,2009-08-01,36149782.99999999,709400006.4590148,2375782.3606,13664463.850128,9727570.0,67300,1614.0,65686.0,57795.0,7891.0,0.024,0.2691
0.8569071858512298,0.8797760009765625,0.9740060934829456,,2009-09-01,37750460.0,731217910.2910784,2364811.8906,13669698.606452,10197063.75,67285,1749.0,65536.0,57657.0,7879.0,0.026,0.2701
0.85395974334183,0.8760200171317795,0.9748176144853652,,2009-10-01,38982315.0,756642728.4792556,2401581.4866,13835245.111148,10284201.5,68262,1719.0,66543.0,58293.0,8250.0,0.0252,0.2638
0.8658599148987537,0.8895778752693506,0.9733379605878625,,2009-11-01,37527791.0,728197893.6983078,2333289.459,13526599.353769999,9951796.5,66274,1767.0,64507.0,57384.0,7123.0,0.0267,0.2652
0.8594721303206089,0.8906158718445408,0.9650312300639438,,2009-12-01,36911805.0,717611831.1051561,2351908.6746,13568859.15924,9996726.0,67403,2357.0,65046.0,57931.0,7115.0,0.035,0.2708
0.8697026439967044,0.9031329724348205,0.962984046138866,,2010-01-01,31319718.000000007,605470688.5587231,2330377.7636,13286793.990516001,8445581.15,66755,2471.0,64284.0,58057.0,6227.0,0.037,0.2697
0.8592955116234142,0.8906242178505281,0.9648238779058536,,2010-02-01,31298379.000000004,605869773.1900072,2165319.415,12390663.20589,8504393.15,62116,2185.0,59931.0,53376.0,6555.0,0.0352,0.2717
0.8558245149270025,0.8801401134679581,0.9723730367825796,,2010-03-01,38176252.0,738652371.8166497,2419888.0544,13816523.75645,10692005.0,68701,1898.0,66803.0,58796.0,8007.0,0.0276,0.2801
0.8413806682216096,0.8683683996623628,0.9689213340199315,,2010-04-01,37021561.0,717432884.2725115,2316900.861,13237421.65333,10097150.4,66026,2052.0,63974.0,55553.0,8421.0,0.0311,0.2727
0.8303587688945547,0.8604859636706771,0.9649881624476416,,2010-05-01,34308537.0,667976713.6332275,2300745.3472,13175598.237893999,9873795.47,65892,2307.0,63585.0,54714.0,8871.0,0.035,0.2878
0.848618402250267,0.8747771075930721,0.9700967193634271,,2010-06-01,35664664.0,691131557.602419,2330268.8986,13337592.09179,9960689.45,66481,1988.0,64493.0,56417.0,8076.0,0.0299,0.2793
0.8638736584227719,0.8963007791814812,0.9638211619225385,,2010-07-01,35278957.0,683753210.8634739,2380934.8442,13654563.390698,9638739.55,68576,2481.0,66095.0,59241.0,6854.0,0.0362,0.2732
0.8727377063653218,0.8967524417163073,0.9732203290073865,,2010-08-01,37237350.0,721192746.4754171,2385747.5165999997,13723352.360507999,10350970.9,67962,1820.0,66142.0,59313.0,6829.0,0.0268,0.278
0.8656508463522367,0.891946790476045,0.9705184833842232,,2010-09-01,38073762.0,737362835.7250302,2361459.3156,13637512.653849998,10293189.45,67466,1989.0,65477.0,58402.0,7075.0,0.0295,0.2703
0.8665725485484282,0.903834706601084,0.9587732604418545,,2010-10-01,36116682.00000001,697022141.1673931,2305281.3986,13317444.339343999,9607474.05,66583,2745.0,63838.0,57699.0,6139.0,0.0412,0.266
0.8557807988450433,0.8868836107474596,0.9649302213666987,,2010-11-01,34721689.0,671477950.0784967,2315045.7426,13410045.611374,10319614.500000002,66496,2332.0,64164.0,56906.0,7258.0,0.0351,0.2972
0.8177480352183419,0.8775781980753682,0.9318235537434261,,2010-12-01,30714669.0,594714049.7802892,2278394.442,13265713.98577,9062005.55,67692,4615.0,63077.0,55355.0,7722.0,0.0682,0.295
0.7769652921981608,0.8287138111058376,0.9375556214773064,,2011-01-01,26126348.0,507930342.41747725,2281351.5092,13268291.354382,7976932.850000001,67420,4210.0,63210.0,52383.0,10827.0,0.0624,0.3053
0.7613060491372121,0.8223534914338178,0.925764962473539,,2011-02-01,24713443.0,480887819.7264075,2074939.632,12132642.92694,7704797.3,62356,4629.0,57727.0,47472.0,10255.0,0.0742,0.3118
0.770455818459815,0.8189952045315567,0.9407330033153186,,2011-03-01,28099514.0,544219910.5981686,2245193.738,13076893.32068,8663388.4,66057,3915.0,62142.0,50894.0,11248.0,0.0593,0.3083
0.6804483645718485,0.7346129048256708,0.9262679162072768,,2011-04-01,28423536.000000004,552605383.3916409,2196137.3205999997,12689499.32078,8458205.1,65304,4815.0,60489.0,44436.0,16053.0,0.0737,0.2976
0.7260767838486102,0.7733734580962681,0.9388436805627087,,2011-05-01,29469887.999999996,572625848.0929549,2303618.0434,13491826.230038,9166867.1,67957,4156.0,63801.0,49342.0,14459.0,0.0612,0.3111
0.7699003481810541,0.8042391082822519,0.9573027974546764,,2011-06-01,29191631.00000001,567020212.8021146,2299182.7384,13305742.206502,8704517.5,66632,2845.0,63787.0,51300.0,12487.0,0.0427,0.2982
0.7745405057363615,0.8243365312733616,0.9395926012643409,,2011-07-01,28057770.0,545371351.2213994,2311112.442,13453301.03782,8076980.050000001,68336,4128.0,64208.0,52929.0,11279.0,0.0604,0.2879
0.8028860028860029,0.8453871399051902,0.9497258297258298,,2011-08-01,29710865.0,576908889.2738822,2365020.8378,13749437.803895999,8698234.25,69300,3484.0,65816.0,55640.0,10176.0,0.0503,0.2928
0.8224151655414369,0.8717071341520577,0.9434535216250479,,2011-09-01,32079693.000000004,625549646.1219274,2302382.87,13361216.378,8765966.2,67838,3836.0,64002.0,55791.0,8211.0,0.0565,0.2733
0.8246254916113067,0.8620594077701298,0.9565761758164062,,2011-10-01,30804984.000000007,600549972.5626228,2336084.3279999997,13545639.1296,8556361.55,67889,2948.0,64941.0,55983.0,8958.0,0.0434,0.2778
0.8168439000314085,0.8571630359721263,0.9529621154335113,,2011-11-01,29828038.999999993,579618152.7259605,2294940.6459999997,13309554.85963,8800764.3,66861,3145.0,63716.0,54615.0,9101.0,0.047,0.2951
0.810829670982302,0.8572078859797828,0.945896187195629,,2011-12-01,27809017.999999996,541193946.0145266,2297759.9566,13310486.15899,8227351.050000001,67352,3644.0,63708.0,54611.0,9097.0,0.0541,0.2959
0.8171698799563477,0.8667067919811102,0.942844670789378,,2012-01-01,25079871.999999996,490177563.01228356,2329571.15,13511098.33823,7509988.8,68725,3928.0,64797.0,56160.0,8637.0,0.0572,0.2994
0.7663239074550129,0.8187030107453054,0.9360218508997429,,2012-02-01,23196184.000000007,455070744.3603166,2101489.4956,12227156.522118,7143974.2,62240,3982.0,58258.0,47696.0,10562.0,0.064,0.308
0.7180604700670291,0.785761506012718,0.9138402232386871,,2012-03-01,26953875.000000004,527707567.4656228,2287322.902,13087990.13418,9087512.65,69522,5990.0,63532.0,49921.0,13611.0,0.0862,0.3372
0.6997449099359927,0.7889786843591191,0.8868996384919952,,2012-04-01,23176297.000000004,455750450.56977254,2043917.9212,11685549.276352,8222055.65,63899,7227.0,56672.0,44713.0,11959.0,0.1131,0.3548
0.6941770231635451,0.7659252583126791,0.9063247564035242,,2012-05-01,25345437.999999993,497980458.605877,2239392.554,12921575.2212,9413419.4,68556,6422.0,62134.0,47590.0,14544.0,0.0937,0.3714
0.7286220247921481,0.7860855204572317,0.9268991805984933,,2012-06-01,24786649.0,487176469.98968256,2231287.3048,12832963.56177,8550529.35,66634,4871.0,61763.0,48551.0,13212.0,0.0731,0.345
0.7388888078533191,0.807691694436915,0.9148154090756597,,2012-07-01,25291525.11213587,500372088.6306027,2258006.738,12973962.35043,9378867.45,68557,5840.0,62717.0,50656.0,12061.0,0.0852,0.3708
0.6670835130084807,0.7670021650387558,0.8697283311772316,,2012-08-01,23283365.788376417,468102893.59945744,2181310.4334,12492684.272176,10082454.693548387,69570,9063.0,60507.0,46409.0,14098.0,0.1303,0.433
0.6204975184970922,0.732491059073019,0.8471059282038791,,2012-09-01,20846556.384474367,424186288.1679179,2014420.6236,11488541.124724,10096021.6,65686,10043.0,55643.0,40758.0,14885.0,0.1529,0.4843
0.6335144771270019,0.7341886037987337,0.8628770234911872,,2012-10-01,22292423.42648935,454326203.5843026,2171824.2512,12509061.498592,11176039.8,69558,9538.0,60020.0,44066.0,15954.0,0.1371,0.5013
0.5775529362678627,0.7104964070978149,0.8128864980852046,,2012-11-01,22269954.33091265,450238893.2357872,1982040.8732,11352267.962562,10241587.35,67109,12557.0,54552.0,38759.0,15793.0,0.1871,0.4599
0.6131765572713597,0.7317725507437532,0.8379332576059927,,2012-12-01,20367166.97644954,412443751.70882964,1987834.4538,11324934.536238,12506673.508064516,65146,10558.0,54588.0,39946.0,14642.0,0.1621,0.6141
0.6910685465452663,0.800536183572323,0.8632571028350436,,2013-01-01,18587860.78693916,381297064.12054455,2061664.6598,11658596.010372,11075921.25,65678,8981.0,56697.0,45388.0,11309.0,0.1367,0.5959
0.6565922711303989,0.7594112257499104,0.8646070124681408,,2013-02-01,16731972.337942516,342373308.11382985,1786862.2278,10149784.02404,11698832.0,58068,7862.0,50206.0,38127.0,12079.0,0.1354,0.6992
0.6243629261146886,0.7242203263832349,0.8621173741874447,,2013-03-01,20163025.91176635,412454768.92161727,2066529.5866,11845522.740656,12597491.5,65534,9036.0,56498.0,40917.0,15581.0,0.1379,0.6248
0.6497176063465117,0.765766285736273,0.8484541804054716,,2013-04-01,20800416.257521573,426966863.2646791,1919163.5298,11075993.118244,7271469.65,61262,9284.0,51978.0,39803.0,12175.0,0.1515,0.3496
0.7066263315418531,0.8123196448390677,0.8698870401956683,,2013-05-01,21603892.2793885,449112390.0909579,1992464.3047999998,11595069.33727,7673159.35,62146,8086.0,54060.0,43914.0,10146.0,0.1301,0.3552
0.6698707495837553,0.7923739137496955,0.8453972776738358,,2013-06-01,19642152.312491156,404242431.93159896,1817556.4604,10569941.650368,6842362.65,58259,9007.0,49252.0,39026.0,10226.0,0.1546,0.3484
0.6104474492338858,0.7315325035644098,0.8344775471485762,,2013-07-01,19859592.2914733,409552282.1438197,1903641.2412,11019581.541844,7381914.65,62197,10295.0,51902.0,37968.0,13934.0,0.1655,0.3717
0.6022011557691059,0.714027253830164,0.8433867930653853,,2013-08-01,20320004.2756631,417989943.384058,1904830.0834,11053336.069932,7286532.0,61604,9648.0,51956.0,37098.0,14858.0,0.1566,0.3586
0.6073570909582467,0.7296348172056107,0.8324124296649262,,2013-09-01,19260092.259712406,395862865.52762055,1800918.6626,10457452.087094,7257898.85,59181,9918.0,49263.0,35944.0,13319.0,0.1676,0.3768
0.6100092437928741,0.7177613250391176,0.8498775602873684,,2013-10-01,21681292.404025845,443459508.997446,1913216.3983999998,11102779.455814,8263454.500000001,61663,9257.0,52406.0,37615.0,14791.0,0.1501,0.3811
0.5516321776997604,0.6551862395252797,0.8419471356716065,,2013-11-01,20161307.402067073,413306351.5377609,1827422.9124,10565380.414776001,7278495.75,59246,9364.0,49882.0,32682.0,17200.0,0.1581,0.361
0.5993592460122388,0.7174336498660823,0.8354211516620615,,2013-12-01,17679612.611588545,362918482.2043766,1804553.7116,10402914.577504,6458662.95,58993,9709.0,49284.0,35358.0,13926.0,0.1646,0.3653
0.709528514001499,0.8085052696958521,0.8775805682360155,,2014-01-01,17275909.0,351990698.7354075,1883664.0282,10704642.445937999,6811902.050000001,58708,7187.0,51521.0,41655.0,9866.0,0.1224,0.3943
0.6870815207111783,0.7772262398904531,0.8840174011726877,,2014-02-01,17645163.0,348155254.25127167,1717982.7638,9806232.607722,7180049.2,52870,6132.0,46738.0,36326.0,10412.0,0.116,0.4069
0.7160348934977578,0.7943759959578686,0.9013803251121076,,2014-03-01,19872386.0,390654065.939956,1893836.8244,10865554.957836,7888275.47,57088,5630.0,51458.0,40877.0,10581.0,0.0986,0.3969
0.6550955414012739,0.7691316992106356,0.8517338995046001,,2014-04-01,20689472.0,407211102.1237116,1774944.3854,10177977.295026,8576452.21,56520,8380.0,48140.0,37026.0,11114.0,0.1483,0.4145
0.6878533553393967,0.757346118156511,0.9082417389472206,,2014-05-01,20844100.400000002,410908062.4591339,1885971.454,11004496.261179999,7606131.4799999995,56954,5226.0,51728.0,39176.0,12552.0,0.0918,0.3649
0.6976303317535545,0.759862608453948,0.9181006197593875,,2014-06-01,21239380.6,417296923.08993185,1823923.8624,10548891.984186001,7916053.8100000005,54860,4493.0,50367.0,38272.0,12095.0,0.0819,0.3727
0.6874560455582428,0.7530769086228603,0.9128629993653408,,2014-07-01,22427143.400000006,439710120.9550344,1923531.6942,11199250.374128,8607604.88,58299,5080.0,53219.0,40078.0,13141.0,0.0871,0.3838
0.6746186740294287,0.7636207717960933,0.8834472541163002,,2014-08-01,23372763.200000003,457987886.8094925,1888077.5677999998,11219967.47438,9158883.98,59398,6923.0,52475.0,40071.0,12404.0,0.1166,0.3919
0.7267713194739075,0.7770680989276189,0.9352736529486636,,2014-09-01,26717752.4,516780671.5766783,1980448.5858,11882444.86617,10253066.62,58925,3814.0,55111.0,42825.0,12286.0,0.0647,0.3838
0.6950320539367535,0.7736148243754033,0.8984213229082114,,2014-10-01,27250329.399999995,529612292.5221252,1965456.7436,11850057.05436,17160463.299999997,60367,6132.0,54235.0,41957.0,12278.0,0.1016,0.6297
0.6776526912869261,0.7655346750014697,0.8852018248365106,,2014-11-01,24439836.800000004,475738798.8214402,1844298.4553999999,11131823.06585,15410592.78,57649,6618.0,51031.0,39066.0,11965.0,0.1148,0.6306
0.7539609683122535,0.8305430711610486,0.9077927376580988,,2014-12-01,24580120.400000002,474228310.0872609,1907584.113,11511829.04322,15444063.769999998,58824,5424.0,53400.0,44351.0,9049.0,0.0922,0.6283
0.7981428668432131,0.8813759490111538,0.9055646092211584,,2015-01-01,22106206.6,426675888.2657711,1913990.7772,11603046.82996,13526999.45,58908,5563.0,53345.0,47017.0,6328.0,0.0944,0.6119
0.8014615369585182,0.86607124004983,0.9253990894702906,,2015-02-01,21907170.2,423696752.6119925,1695288.7796,10262908.97314,12755481.430000002,51179,3818.0,47361.0,41018.0,6343.0,0.0746,0.5823
0.7553974614719227,0.8456886499733196,0.8932335339912088,,2015-03-01,26135432.0,505467785.6517327,1807359.4196000001,10953417.2851,33213617.619999997,56647,6048.0,50599.0,42791.0,7808.0,0.1068,1.2708
0.7605849959375283,0.8163759689922481,0.9316601968041889,,2015-04-01,29195086.0,563274931.6479788,1837343.9934,11165790.88934,39689785.9,55385,3785.0,51600.0,42125.0,9475.0,0.0683,1.3595
0.714839844154053,0.7838818836606991,0.9119229045271179,A partir de Mayo de 2015 se suman los servicios de Tren de la Costa,2015-05-01,27815229.0,536906525.0848374,1849612.5292,11126188.6626,37334533.97,58006,5109.0,52897.0,41465.0,11432.0,0.0881,1.3422
0.6716410203449344,0.7695387224643541,0.8727839168301835,,2015-06-01,27699822.0,534614318.8817465,1771522.6700000002,10760329.89834,36777223.92,58098,7391.0,50707.0,39021.0,11686.0,0.1272,1.3277
0.7174015735205486,0.7910836491656638,0.9068593116254826,,2015-07-01,29611850.0,591347235.3315133,1943632.527,12138748.94946,41264276.5,61391,5718.0,55673.0,44042.0,11631.0,0.0931,1.3935
0.7458215437257354,0.8149006920104251,0.9152299796012371,,2015-08-01,28523995.0,568474578.0688243,1935979.3002,12142686.7646,39332262.03,60788,5153.0,55635.0,45337.0,10298.0,0.0848,1.3789
0.7634216646467293,0.8627244123635017,0.8848963280814963,,2015-09-01,30713542.0,608288766.500228,1796978.1714,11428196.74318,42950939.95,61058,7028.0,54030.0,46613.0,7417.0,0.1151,1.3984
0.7815695518042219,0.8559849664021867,0.9130645776283407,,2015-10-01,30378945.0,602798574.437235,1746351.9334,11079439.94268,42452411.17,57698,5016.0,52682.0,45095.0,7587.0,0.0869,1.3974
0.7818224181811664,0.8420879905793325,0.9284331648564361,,2015-11-01,29052568.0,577120502.618985,1710846.3846,10811300.77792,41044859.71,55794,3993.0,51801.0,43621.0,8180.0,0.0716,1.4128
0.7599377687655141,0.8254001405001045,0.9206901373981751,,2015-12-01,27207515.0,535756840.35157424,1739968.301,11021138.66448,38504863.24,57206,4537.0,52669.0,43473.0,9196.0,0.0793,1.4152
0.7796245158825266,0.8532436182547376,0.9137185432188819,,2016-01-01,24829555.0,492433250.64033777,1752746.5756,11101251.703399999,35787021.13,57579,4968.0,52611.0,44890.0,7721.0,0.0863,1.4413
0.7775452608136387,0.8406326539084229,0.9249524833451725,,2016-02-01,24260482.0,481040833.25771415,1615047.9054,10249344.5026,35567244.550000004,52087,3909.0,48178.0,40500.0,7678.0,0.075,1.4661
0.8134801359121798,0.8631848988577074,0.9424170151594354,,2016-03-01,30564525.303333335,572340677.2047943,1866635.7314,11798226.432599999,43887847.67000001,61216,3525.0,57691.0,49798.0,7893.0,0.0576,1.4359
0.7654589850194681,0.8237048609878209,0.9292879297828813,,2016-04-01,31253778.0,593217113.125952,1827069.0908000001,11501708.7202,68676667.0558213,60612,4286.0,56326.0,46396.0,9930.0,0.0707,2.1974
0.7747468885019668,0.8303269057986039,0.9330624879086864,,2016-05-01,31006038.0,590701746.0807058,1880838.3699999999,11820981.401999999,76764778.71000001,62028,4152.0,57876.0,48056.0,9820.0,0.0669,2.4758
0.7792554077925541,0.8377075906053494,0.9302236443022365,,2016-06-01,29190812.0,560522780.0475893,1831451.354,11536209.364,69473076.04,60006,4187.0,55819.0,46760.0,9059.0,0.0698,2.38
0.7950282265280557,0.8498043648378402,0.9355426489010363,,2016-07-01,28840164.0,551130220.5705407,1877971.03,11816401.923,69133955.63,61467,3962.0,57505.0,48868.0,8637.0,0.0645,2.3971
0.8118374699121674,0.8539832654224726,0.9506479843144756,,2016-08-01,32246696.0,614376996.569193,1940385.3472,12228713.7688,77384191.77,62733,3096.0,59637.0,50929.0,8708.0,0.0494,2.3998
0.8046263228596704,0.8439175257731959,0.9534418924674815,,2016-09-01,32245357.0,611943424.227747,1891744.7322,11924545.2358,76857671.85,61042,2842.0,58200.0,49116.0,9084.0,0.0466,2.3835
0.8208130081300813,0.8613158613158614,0.9529756097560975,,2016-10-01,31751706.0,604286174.3724424,1906721.248,12014552.642,74529762.75,61500,2892.0,58608.0,50480.0,8128.0,0.047,2.3473
0.8416723328745087,0.8728973891507,0.9642282624919153,,2016-11-01,32568080.455445543,617865950.9931004,1893483.716,11955116.94,76317837.2,60299,2157.0,58142.0,50752.0,7390.0,0.0358,2.3433
0.8069653050816786,0.8610321221695629,0.9372069685952589,,2016-12-01,29936999.0,567151272.7820472,1857580.5296,11733327.9824,71461532.51,60787,3817.0,56970.0,49053.0,7917.0,0.0628,2.3871
0.8566416368823163,0.8964570644248091,0.9555857953241302,,2017-01-01,27024054.0,515363529.4560986,1906160.0332,12023351.401800001,65492811.95999999,60994,2709.0,58285.0,52250.0,6035.0,0.0444,2.4235
0.8479428211680183,0.8878935939196525,0.9550049994445061,,2017-02-01,24062971.0,457953930.5464179,1688429.7242,10650230.7558,59398650.83,54006,2430.0,51576.0,45794.0,5782.0,0.045,2.4685
0.7806164022432057,0.8396576613734791,0.929684129799166,,2017-03-01,33019139.0,645909797.4130402,1958516.1272,12349814.590799998,80372359.14,62589,4401.0,58188.0,48858.0,9330.0,0.0703,2.4341
0.748792270531401,0.8443920829406221,0.8867826755595674,,2017-04-01,30213459.0,589751508.4213328,1793242.6056,11327647.0044,72767599.85,59823,6773.0,53050.0,44795.0,8255.0,0.1132,2.4084
0.7917166578682152,0.839399592944369,0.9431939978563773,,2017-05-01,33073995.0,647006265.6733433,2002851.9472,12688848.5978,78079627.59,62511,3551.0,58960.0,49491.0,9469.0,0.0568,2.3608
0.7800790253539678,0.8260028241200774,0.9444023707606191,,2017-06-01,31948617.0,625832375.602949,1961715.792,12357130.68,74110346.96000001,60740,3377.0,57363.0,47382.0,9981.0,0.0556,2.3197
0.8107259006662246,0.8559403960264017,0.9471756496479429,,2017-07-01,32554767.0,637079293.9083855,2040109.5482,12994488.741799999,76551401.66,63342,3346.0,59996.0,51353.0,8643.0,0.0528,2.3515
0.8244034502298054,0.8664924064454224,0.951426053012655,,2017-08-01,35497035.0,702094533.962193,2051918.1003999999,13042567.6966,83993259.80000001,63532,3086.0,60446.0,52376.0,8070.0,0.0486,2.3662
0.8106585997715094,0.8569921921513259,0.9459346388401693,,2017-09-01,34959058.0,693198764.5324854,2013698.359,12809939.714000002,82759130.94,62147,3360.0,58787.0,50380.0,8407.0,0.0541,2.3673
0.8129858180779848,0.8565053898220105,0.9491893778355912,,2017-10-01,36503649.0,741414267.8027303,2098213.2196,13349369.9514,86740061.61429764,63038,3203.0,59835.0,51249.0,8586.0,0.0508,2.3762
0.8000321931589537,0.8498247413866803,0.9414084507042253,,2017-11-01,37308807.0,760271601.5147535,2046150.1317999999,13001037.4102,89872282.98999996,62125,3640.0,58485.0,49702.0,8783.0,0.0586,2.4089
0.7853108246106715,0.862926273340931,0.9100555271891754,,2017-12-01,32054770.0,655747611.9955755,2002388.365,12697743.302000001,75742945.77999999,62672,5637.0,57035.0,49217.0,7818.0,0.0899,2.3629
0.8306484534463809,0.8833675633254855,0.9403203014601978,,2018-01-01,30764884.0,627579215.4242572,2109300.54,13633212.14,71366207.85,63690,3801.0,59889.0,52904.0,6985.0,0.0597,2.3197
0.8254287149314774,0.8773977043053808,0.9407691755758054,,2018-02-01,29122622.0,591441207.2331709,1853103.6736,11902642.829400001,71152947.67000002,55748,3302.0,52446.0,46016.0,6430.0,0.0592,2.4432
0.7506588066840317,0.8085581151145238,0.928391902389983,,2018-03-01,37558112.0,758402051.7664003,2117449.1798,13367834.9602,92530253.81610085,65649,4701.0,60948.0,49280.0,11668.0,0.0716,2.4637
0.7370841394183502,0.7881377486138664,0.9352224794646539,,2018-04-01,36067801.0,728938910.3800495,2053080.5712,13018944.8178,93847691.42029221,63062,4085.0,58977.0,46482.0,12495.0,0.0648,2.602
0.7279775552069506,0.7899500777477698,0.9215488113913358,,2018-05-01,37254265.0,747525303.2580271,2089702.3800000001,13141379.413,102208396.23,66296,5201.0,61095.0,48262.0,12833.0,0.0785,2.7435
0.7495912760614182,0.7703526640338114,0.9730495019467058,,2018-06-01,33217431.0,653481970.7122328,1983105.7804,12468654.1806,95313254.28,59331,1599.0,57732.0,44474.0,13258.0,0.027,2.8694
0.8276535213825248,0.8653408012151129,0.9564480493931782,,2018-07-01,33904633.0,685723553.7016405,2216467.831,13996007.333,97724307.74,66082,2878.0,63204.0,54693.0,8511.0,0.0436,2.8823
0.8430085664309528,0.8671608279765017,0.9721478867975303,,2018-08-01,38958265.0,782496474.0444138,2269445.5278,14295076.2612,122901623.08375,66889,1863.0,65026.0,56388.0,8638.0,0.0279,3.1547
0.8219291142394419,0.8773729179826457,0.9368070262862838,,2018-09-01,35759479.0,712875456.529541,2094396.4672,13220624.8908,125846848.4025,64216,4058.0,60158.0,52781.0,7377.0,0.0632,3.5193
0.8324009011025079,0.8789659409559217,0.9470229303734204,,2018-10-01,40528721.0,805796085.2457671,2184120.2384,14006805.8476,153463200.92249998,67029,3551.0,63478.0,55795.0,7683.0,0.053,3.7865
0.7740799654070082,0.8436253471345619,0.917563665003938,,2018-11-01,36019824.0,713456255.2065717,2039753.4302,12881156.8688,139654117.8825,64753,5338.0,59415.0,50124.0,9291.0,0.0824,3.8771
0.7670286580789437,0.8364149588281472,0.9170432092146982,,2018-12-01,33221714.0,665309225.5845295,2065585.1308,13016110.050199999,130738019.98499998,65287,5416.0,59871.0,50077.0,9794.0,0.083,3.9353
0.8300104162082068,0.8705607189019511,0.9534204773850916,,2019-01-01,32511748.0,655004036.1103282,2241444.715,14256063.028,139842703.0309673,68163,3175.0,64988.0,56576.0,8412.0,0.0466,4.3013
0.8256239761009926,0.870430262288975,0.9485239793132247,,2019-02-01,31714633.0,626264080.9410337,1988754.02084,12671301.27704,147850299.28875,62262,3205.0,59057.0,51405.0,7652.0,0.0515,4.6619
0.7743965339385187,0.8369007803790413,0.925314627604704,,2019-03-01,34900868.0,691402671.2191201,2126431.20584,13464516.33684,181700359.42999998,67858,5068.0,62790.0,52549.0,10241.0,0.0747,5.2062
0.7952644350329319,0.8540098729465081,0.93121222625812,,2019-04-01,34625563.0,684491655.1586232,2099372.10908,13338568.66208,183595701.51000002,66349,4564.0,61785.0,52765.0,9020.0,0.0688,5.3023
0.7295361230016598,0.8194619347452776,0.8902623685973036,,2019-05-01,37526756.0,743934648.103871,2116109.2968,13427011.794200001,205181510.905,68682,7537.0,61145.0,50106.0,11039.0,0.1097,5.4676
0.7520701033495206,0.8185221574739124,0.9188145934503797,,2019-06-01,33812290.0,668597336.2907119,2029969.1321999999,12931087.728799999,188544754.38249996,64248,5216.0,59032.0,48319.0,10713.0,0.0812,5.5762
0.7871408988399687,0.8457980930659824,0.9306487036245449,,2019-07-01,37642990.0,770860528.7988594,2155925.1,13796328.482,214192797.6325,67843,4705.0,63138.0,53402.0,9736.0,0.0694,5.6901
0.8178197961681981,0.8608489101409675,0.9500154864972493,,2019-08-01,39612120.0,811201321.8293904,2226120.8632,14079616.414800001,224753951.46249998,67801,3389.0,64412.0,55449.0,8963.0,0.05,5.6739
0.8323614274867123,0.8799043215822256,0.9459681093394078,,2019-09-01,39331258.0,803623951.8641793,2158654.873,13701706.021,223000531.75499997,65850,3558.0,62292.0,54811.0,7481.0,0.054,5.6698
0.8217347342506705,0.8720452848967405,0.9423074105010184,,2019-10-01,40178431.0,819984847.0272034,2226997.0476,14180783.213399999,227054404.7025,68241,3937.0,64304.0,56076.0,8228.0,0.0577,5.6512
0.8023845606655738,0.865894564691354,0.926653883029722,,2019-11-01,37723886.5,769895346.8588914,2114716.8586,13474296.4684,215032594.0225,64666,4743.0,59923.0,51887.0,8036.0,0.0733,5.7002
0.8184921677920273,0.8727691514721989,0.9378106070905273,,2019-12-01,35247793.0,725202511.5072297,2185049.998,13869777.514,205598440.33999997,66201,4117.0,62084.0,54185.0,7899.0,0.0622,5.8329
0.8730075319670696,0.9033213007295081,0.966441875401413,,2020-01-01,33510027.0,687318173.1528889,2328874.424,14824008.095,197116901.2025,68508,2299.0,66209.0,59808.0,6401.0,0.0336,5.8823
0.8545839074566604,0.8917161247178801,0.958358701573365,,2020-02-01,31987054.0,657615829.1707954,2103595.3302,13394105.539800001,185809712.0125,62414,2599.0,59815.0,53338.0,6477.0,0.0416,5.8089
0.749809834513768,0.8791770721845642,0.852854172653358,,2020-03-01,19903840.0,404558725.5490327,1779999.4501999998,11299709.7148,112275167.22,59159,8705.0,50454.0,44358.0,6096.0,0.1471,5.6409
0.7837572550358484,0.9364164797063023,0.8369750768180266,,2020-04-01,2337653.0,48929384.80590545,1410866.9708,9228556.0442,8076898.9775,46864,7640.0,39224.0,36730.0,2494.0,0.163,3.4551
0.8363092490352124,0.9439569829724266,0.8859611869195118,,2020-05-01,3520465.0,74337469.00294976,1709478.395,11485922.236,11822533.3125,54157,6176.0,47981.0,45292.0,2689.0,0.114,3.3582
0.8522112368618963,0.9484923340750873,0.8984903791477887,,2020-06-01,3829084.0,82056982.99599843,1735000.881,11584173.424,13049538.100000001,54517,5534.0,48983.0,46460.0,2523.0,0.1015,3.408
0.8164559255099453,0.9546301787681098,0.8552588674323394,,2020-07-01,3959748.0,85858067.79838012,1667968.574,11076638.164,17779544.82,55202,7990.0,47212.0,45070.0,2142.0,0.1447,4.4901
0.8354374389502203,0.9568135764944276,0.8731454689544592,,2020-08-01,4746104.0,103403048.01651564,1681911.3502,11168344.8878,22050224.727500003,54259,6883.0,47376.0,45330.0,2046.0,0.1269,4.646
0.8329538091270944,0.9419054996127033,0.8843284272887161,,2020-09-01,5829936.0,126873074.86058412,1698895.5906,11341212.0914,27655319.075000003,54015,6248.0,47767.0,44992.0,2775.0,0.1157,4.7437
0.8262519383380461,0.9324124016963807,0.8861443035665421,,2020-10-01,7605115.0,164612070.538094,1729762.7584000002,11500667.6856,37558989.71999999,54815,6241.0,48574.0,45291.0,3283.0,0.1139,4.9386
0.8147817158503194,0.9286163181276411,0.8774148159415881,,2020-11-01,11098164.0,236576532.20384413,1645866.4866,10887774.3124,57125822.697500005,52592,6447.0,46145.0,42851.0,3294.0,0.1226,5.1473
0.7896977116489312,0.903428066622137,0.8741124399660986,,2020-12-01,12765248.0,272600171.0742325,1678268.6892000001,10998218.332799999,66547241.9675,53095,6684.0,46411.0,41929.0,4482.0,0.1259,5.2132
0.8294392523364486,0.9110536285312748,0.9104175938288088,,2021-01-01,12491288.0,264890677.48052567,1772869.815,11608428.087000001,64830867.2025,53928,4831.0,49097.0,44730.0,4367.0,0.0896,5.1901
0.818256799389653,0.898720416713849,0.9104686887848733,,2021-02-01,12882417.0,274131214.46652484,1599113.9316,10464966.8374,67363459.9975,48497,4342.0,44155.0,39683.0,4472.0,0.0895,5.2291
0.826901413568807,0.8907308098798293,0.9283404193466332,,2021-03-01,17004564.0,360650982.6177185,1846427.5134,12098926.2286,89162882.53,55038,3944.0,51094.0,45511.0,5583.0,0.0717,5.2435
0.7886473206864067,0.8766760436130675,0.8995880820880359,,2021-04-01,13388797.0,282942337.4620016,1755831.3436,11435290.057400001,71322407.82000001,54137,5436.0,48701.0,42695.0,6006.0,0.1004,5.327
0.8329313868075627,0.9024794047832765,0.9229367256392791,,2021-05-01,11389694.0,238957842.36358792,1802893.8839999998,11634801.812,59267907.6,54319,4186.0,50133.0,45244.0,4889.0,0.0771,5.2036
0.8186576570268188,0.8972735470749631,0.9123835865835725,,2021-06-01,13946944.0,294344649.7694961,1819353.3426,11707940.2742,74955651.57499999,57124,5005.0,52119.0,46765.0,5354.0,0.0876,5.3743
0.8137164985223683,0.8933932533984746,0.9108155847685043,,2021-07-01,15853374.0,333999092.1464759,1859295.2974999999,12007849.2108,87669813.45,58878,5251.0,53627.0,47910.0,5717.0,0.0892,5.53
0.7812783124497855,0.8567304628189026,0.9119301184635635,,2021-08-01,18666130.0,392874209.554255,1868278.1067,12056042.919799998,100858821.12500001,58499,5152.0,53347.0,45704.0,7643.0,0.0881,5.4033
0.8015721813157578,0.8541121820077178,0.9384858314882516,,2021-09-01,20499608.0,429796477.256868,1904706.0352,12241337.1006,112972309.2225,58263,3584.0,54679.0,46702.0,7977.0,0.0615,5.5109
0.814572645856882,0.8588243922115067,0.9484740457351535,,2021-10-01,23062348.0,491069537.393745,1899127.856,12194009.805,130748515.61250001,57505,2963.0,54542.0,46842.0,7700.0,0.0515,5.6693
0.8322451287851524,0.8737832634628186,0.9524617414700187,,2021-11-01,25025231.0,529948859.32996905,1942939.7185,12418353.4688,140385245.7125,58353,2774.0,55579.0,48564.0,7015.0,0.0475,5.6097
0.8172229661591364,0.8761454068520587,0.932748102960869,,2021-12-01,24522649.0,521632901.7378982,1991717.1305,12654616.735599998,141747731.2175,60489,4068.0,56421.0,49433.0,6988.0,0.0673,5.7803
0.7648588656241717,0.875184806095758,0.8739398356745296,,2022-01-01,16524760.0,353932714.45854706,1874839.7461,11743557.666199999,92608883.5275,60368,7610.0,52758.0,46173.0,6585.0,0.1261,5.6042
0.8433758906289558,0.891056382429928,0.9464899273029767,,2022-02-01,21075067.0,447623861.50480294,1858155.5595,11702797.0842,119472468.2975,55298,2959.0,52339.0,46637.0,5702.0,0.0535,5.6689
0.8380060786321453,0.8850134743129817,0.9468851073512442,,2022-03-01,26829705.0,565663909.5769242,2059741.2001999998,13025983.0466,153495225.38000003,61527,3268.0,58259.0,51560.0,6699.0,0.0531,5.7211
0.8123437163627933,0.8579798863139484,0.9468097438190339,,2022-04-01,29163710.0,615296838.438444,1985602.4452,12584476.4818,167907027.3225,60387,3212.0,57175.0,49055.0,8120.0,0.0532,5.7574
0.7746503664351778,0.8171184552543632,0.948027010593017,,2022-05-01,30121241.0,631901959.3098661,2051597.7501,12996327.1364,173802242.775,62494,3248.0,59246.0,48411.0,10835.0,0.052,5.7701
0.7212094482015093,0.7735068939539936,0.9323891665849914,,2022-06-01,29251536.0,613939109.7335025,1971059.1692,12513748.994199999,170241579.13250002,61218,4139.0,57079.0,44151.0,12928.0,0.0676,5.8199
0.7370069076204113,0.7853621730382294,0.9384293424385945,,2022-07-01,29683713.0,628495250.8103904,2061394.9342,13075131.2746,170488900.35750002,63553,3913.0,59640.0,46839.0,12801.0,0.0616,5.7435
0.7491727842159533,0.8133908132404297,0.9210489865644766,,2022-08-01,31627298.0,654385759.3787986,2093470.8107,13240909.7446,258454938.3075,64977,5130.0,59847.0,48679.0,11168.0,0.079,8.1719
0.7884584955220102,0.8287843254661278,0.9513433969429412,,2022-09-01,32019726.0,660703827.2789224,2091873.852,13239408.4954,257104993.4975,63198,3075.0,60123.0,49829.0,10294.0,0.0487,8.0296
0.7325415902334114,0.7964615463970702,0.9197450819153646,,2022-10-01,30633836.0,635611526.2822616,2033528.4008,12834623.1094,254068433.34250003,63236,5075.0,58161.0,46323.0,11838.0,0.0803,8.2937
0.6432628514152069,0.7365554179115353,0.8733393791863555,,2022-11-01,29896756.0,615898156.6647102,1913231.2383,12130601.3362,247989313.955,62853,7961.0,54892.0,40431.0,14461.0,0.1267,8.2949
0.6733897202342225,0.7610294117647058,0.8848405985686402,,2022-12-01,26658233.0,555037178.320066,1930805.7382,12177631.7636,225519045.63500002,63017,7257.0,55760.0,42435.0,13325.0,0.1152,8.4596
0.7522760668353203,0.8145523734540564,0.9235453622771272,,2023-01-01,24872956.0,500684052.2598723,2048978.2293,12864275.4124,292601735.67,66013,5047.0,60966.0,49660.0,11306.0,0.0765,11.7639
0.7271010550752759,0.7977835649248199,0.9114013963722042,,2023-02-01,22673719.0,456740774.77318865,1753859.9109999998,11014055.942,262244724.82999998,57721,5114.0,52607.0,41969.0,10638.0,0.0886,11.566
0.6937857978690645,0.7630433678221259,0.9092350803719899,,2023-03-01,27374244.89,544503902.9762377,1964939.48003,12357275.25859,330074600.993,64948,5895.0,59053.0,45060.0,13993.0,0.0908,12.0579
0.7150208965008604,0.7781364820033532,0.9188887978365976,,2023-04-01,25361988.990000002,510974957.260207,1864962.9869,11673260.1143,314879693.6935,61015,4949.0,56066.0,43627.0,12439.0,0.0811,12.4154
0.7034769948494763,0.7745049035660732,0.9082924996477605,,2023-05-01,27368339.0,548312742.8734189,1927910.6883299998,12079280.78379,378572603.827,63877,5858.0,58019.0,44936.0,13083.0,0.0917,13.8325
0.6897810811249412,0.7632840698906388,0.9037016601483261,,2023-06-01,27017986.0,538363634.4651346,1856333.80944,11652635.59462,409620339.3255,61621,5934.0,55687.0,42505.0,13182.0,0.0963,15.161
0.7239298158287706,0.7919006295729113,0.9141674962667994,,2023-07-01,28944986.0,599505896.0237883,2044532.6946999999,12807044.1854,493507700.59499997,64288,5518.0,58770.0,46540.0,12230.0,0.0858,17.0499
0.7177171290711701,0.7941240260931948,0.9037846803377564,,2023-08-01,30619445.0,625705558.0457577,2036171.8919000002,12772361.6862,536714613.96699995,66320,6381.0,59939.0,47599.0,12340.0,0.0962,17.5286
0.7828258542865564,0.8483014808464862,0.9228156168080783,,2023-09-01,31039698.0,633968468.2978336,2024916.207,12668135.2476,519590025.07,64469,4976.0,59493.0,50468.0,9025.0,0.0772,16.7395
0.7839998767562238,0.8609687188076266,0.9106020458466847,,2023-10-01,30977531.0,634382548.6897291,2014560.6946,12575595.0352,529002905.0855,64912,5803.0,59109.0,50891.0,8218.0,0.0894,17.077
0.7869221055225306,0.8576799771723987,0.917500847013891,,2023-11-01,30587495.0,623461899.4491148,2027474.0637,12690759.2172,521537459.089,64934,5357.0,59577.0,51098.0,8479.0,0.0825,17.0507
0.724518074123702,0.827412315022519,0.8756433291713616,,2023-12-01,28410450.0,587964649.7559507,1997819.3683,12427362.5632,487097899.25100005,65674,8167.0,57507.0,47582.0,9925.0,0.1244,17.145
0.8067671120184031,0.8660888052988797,0.9315062232446184,,2024-01-01,27446745.0,569389773.8394569,2119670.1383,13228602.9694,593666671.844,65641,4496.0,61145.0,52957.0,8188.0,0.0685,21.6298
0.745931053249205,0.8342209373097992,0.8941648667494345,,2024-02-01,23581666.0,470496345.2848409,1819582.1919,11353534.3006,1457735685.0438967,58799,6223.0,52576.0,43860.0,8716.0,0.1058,61.8165
0.746167886159164,0.7937866213035036,0.9400106604642148,,2024-03-01,27976467.0,565011474.3840405,2014471.7821999998,12589543.988,1997040460.9,61911,3714.0,58197.0,46196.0,12001.0,0.06,71.3829
0.7012290577224128,0.7482185695246557,0.9371981480864671,,2024-04-01,29407987.0,653567752.6835741,1940671.6593,12221457.4658,2454565456.78,60046,3771.0,56275.0,42106.0,14169.0,0.0628,83.4659
0.609893301030483,0.6799245227171822,0.8970014768597647,,2024-05-01,27526990.0,588146832.1427927,1839322.3555,11405796.2378,3285391055.5909677,60263,6207.0,54056.0,36754.0,17302.0,0.103,119.3516
0.6963168385475345,0.7361245991754466,0.9459225236155646,,2024-06-01,24744999.0,525822415.467191,1860299.4001,11539141.4124,3054659807.58,57695,3120.0,54575.0,40174.0,14401.0,0.0541,123.4455
0.6806044131755676,0.7332977293870379,0.9281419891269588,,2024-07-01,27890925.0,601897140.6448163,1970075.494,12315880.9818,3509622705.22,62540,4494.0,58046.0,42565.0,15481.0,0.0719,125.8339
0.6881227391000825,0.7290836653386454,0.9438186202957416,,2024-08-01,27509154.0,591357995.6929698,2024968.3291,12634547.053399999,3433897674.4700003,63028,3541.0,59487.0,43371.0,16116.0,0.0562,124.8275
0.8093446582003976,0.8455306879033365,0.9572031740294731,,2024-09-01,27398968.0,587103215.5683835,1978456.3199,12364821.9638,4168802559.2599998,60869,2605.0,58264.0,49264.0,9000.0,0.0428,152.1518
0.7810497527468159,0.8459802976026454,0.9232481595140799,,2024-10-01,27887337.0,593084862.4292928,1972139.7282999998,12333289.9438,4833036118.259999,62891,4827.0,58064.0,49121.0,8943.0,0.0768,173.3058
0.8034644544377161,0.8418841220698806,0.9543646606165884,,2024-11-01,27579515.0,591307599.409806,2019159.0838,12605128.5694,4856806843.76,61597,2811.0,58786.0,49491.0,9295.0,0.0456,176.102
0.7838424116755722,0.841806845044366,0.9311428343568068,"2024-12-02 Por medida de fuerza de La Fraternidad los trenes circulan a una velocidad de 30km x Hora, duplicando los tiempos de viaje.",2024-12-01,25443812.0,549604365.9198148,2019198.4685999998,12563138.123999998,4554049489.629999,62695,4317.0,58378.0,49143.0,9235.0,0.0689,178.9846
0.7952003254016676,0.8520374809326651,0.9332926581248729,"2025-01-28 Paro de trenes en todas las líneas, de 9:00 a 15:00",2025-01-01,23033996.0,494806295.25970125,2062271.9914000002,12823718.735,4104889702.1499996,63921,4264.0,59657.0,50830.0,8827.0,0.0667,178.2101
0.7349042709867453,0.7872288477791342,0.9335332070972719,Línea Mitre. Desde el 22/02 al 04/03 el ramal Tigre estará cerrado por obras de cambio de vias. Los ramales J.L. Suárez y Mitre tendrán cabecera en Belgrano R.,2025-02-01,22682344.0,491221432.5697455,1838774.4783,11471157.3074,3825737579.0699997,57036,3791.0,53245.0,41916.0,11329.0,0.0665,168.6659
0.7592714686006263,0.7985473078389904,0.9508158892368551,,2025-03-01,25075780.0,539734853.9032133,1987192.3548,12310138.211199999,4284756233.3500004,60670,2984.0,57686.0,46065.0,11621.0,0.0492,170.8723
0.7262996175876292,0.7920923710138593,0.9169380291568558,,2025-04-01,26279921.0,566372060.0031621,1892538.6464,11806415.8628,4466656686.450001,59883,4974.0,54909.0,43493.0,11416.0,0.0831,169.9646
0.6795110198405641,0.7222556416822783,0.9408178775285805,,2025-05-01,26479647.0,571903977.2612542,2003766.7889,12559275.987599999,4485393590.719999,61843,3660.0,58183.0,42023.0,16160.0,0.0592,169.3902
0.7094968107725018,0.7472150174469594,0.9495216158752657,,2025-06-01,25021247.0,538293126.1017929,1844397.837,11560486.413,4211951024.2,56440,2849.0,53591.0,40044.0,13547.0,0.0505,168.335
0.8375129670184914,0.8623478349326913,0.971200869407716,,2025-07-01,26932337.0,583303039.4975897,2021749.0095,12661076.355,4742091438.46,60731,1749.0,58982.0,50863.0,8119.0,0.0288,176.0743
0.7499703856632766,0.7808651220156815,0.9604352461374444,,2025-08-01,25605380.0,550795586.5725822,1947829.2957,12226737.064,4432612672.83,59093,2338.0,56755.0,44318.0,12437.0,0.0396,173.1126
0.6664400557462864,0.7212861452431756,0.9239607056664061,,2025-09-01,25850014.0,558295749.2040964,1899741.2041,11710991.891800001,4440669785.4,58838,4474.0,54364.0,39212.0,15152.0,0.076,171.786
0.729379832209245,0.7798061872350903,0.9353347590064155,,2025-10-01,26897878.0,581092097.7070642,1967941.3482,12069825.4736,4632475902.15,60790,3931.0,56859.0,44339.0,12520.0,0.0647,172.2246
0.7228707997938767,0.7846809659748476,0.9212289212289212,,2025-11-01,23302414.0,508540316.3137173,1801511.222,10971442.288,3999188465.29,56277,4433.0,51844.0,40681.0,11163.0,0.0788,171.6212
0.7876624723451328,0.8246950667776611,0.9550954092920354,,2025-12-01,23345447.0,511700695.60857624,1904567.5189,11662631.3914,4067919583.0899997,57856,2598.0,55258.0,45571.0,9687.0,0.0449,174.2489
0.8126636301689202,0.8565785245808684,0.9487322024172434,,2026-01-01,20001229.0,439848197.8925643,1871910.6110999999,11511336.1926,3341056382.02,55766,2859.0,52907.0,45319.0,7588.0,0.0513,167.0426
0.7691342018069189,0.8430633882246785,0.9123088637813587,,2026-02-01,17398959.0,384307035.00431144,1556108.1943,9454063.0048,2840146309.86,48591,4261.0,44330.0,37373.0,6957.0,0.0877,163.2366
0.7998615557670676,0.8289393450267226,0.9649216924807476,,2026-03-01,23262103.0,507861275.5738674,1928052.6667,11797038.5672,4012591259.3500004,57785,2027.0,55758.0,46220.0,9538.0,0.0351,172.4948
